externalTransactionId,customerId,deviceId,amount,currencyCode,merchantId,merchantCategory,channel,countryCode,transactionTime
tx-fresh-0001,cust-fresh-0001,dev-fresh-0001,121.41,USD,m-501,electronics,mobile,GB,2026-03-13T05:31:00Z
tx-fresh-0002,cust-fresh-0002,dev-fresh-0002,212.82,USD,m-502,travel,pos,CA,2026-03-13T05:32:00Z
tx-fresh-0003,cust-fresh-0003,dev-fresh-0003,304.23,USD,m-503,retail,web,IN,2026-03-13T05:33:00Z
tx-fresh-0004,cust-fresh-0004,dev-fresh-0004,395.64,USD,m-504,jewelry,mobile,AE,2026-03-13T05:34:00Z
tx-fresh-0005,cust-fresh-0005,dev-fresh-0005,487.05,USD,m-505,books,pos,SG,2026-03-13T05:35:00Z
tx-fresh-0006,cust-fresh-0006,dev-fresh-0006,578.46,USD,m-506,utilities,web,US,2026-03-13T05:36:00Z
tx-fresh-0007,cust-fresh-0007,dev-fresh-0007,669.87,USD,m-507,groceries,mobile,GB,2026-03-13T05:37:00Z
tx-fresh-0008,cust-fresh-0008,dev-fresh-0008,761.28,USD,m-508,electronics,pos,CA,2026-03-13T05:38:00Z
tx-fresh-0009,cust-fresh-0009,dev-fresh-0009,852.69,USD,m-509,travel,web,IN,2026-03-13T05:39:00Z
tx-fresh-0010,cust-fresh-0010,dev-fresh-0010,940,USD,m-510,retail,mobile,AE,2026-03-13T05:40:00Z
tx-fresh-0011,cust-fresh-0011,dev-fresh-0011,1031.41,USD,m-511,jewelry,pos,SG,2026-03-13T05:41:00Z
tx-fresh-0012,cust-fresh-0012,dev-fresh-0012,1122.82,USD,m-512,books,web,US,2026-03-13T05:42:00Z
tx-fresh-0013,cust-fresh-0013,dev-fresh-0013,1214.23,USD,m-513,utilities,mobile,GB,2026-03-13T05:43:00Z
tx-fresh-0014,cust-fresh-0014,dev-fresh-0014,1305.64,USD,m-514,groceries,pos,CA,2026-03-13T05:44:00Z
tx-fresh-0015,cust-fresh-0015,dev-fresh-0015,1397.05,USD,m-515,electronics,web,IN,2026-03-13T05:45:00Z
tx-fresh-0016,cust-fresh-0016,dev-fresh-0016,1488.46,USD,m-516,travel,mobile,AE,2026-03-13T05:46:00Z
tx-fresh-0017,cust-fresh-0017,dev-fresh-0017,1579.87,USD,m-517,retail,pos,SG,2026-03-13T05:47:00Z
tx-fresh-0018,cust-fresh-0018,dev-fresh-0018,1671.28,USD,m-518,jewelry,web,US,2026-03-13T05:48:00Z
tx-fresh-0019,cust-fresh-0019,dev-fresh-0019,1762.69,USD,m-519,books,mobile,GB,2026-03-13T05:49:00Z
tx-fresh-0020,cust-fresh-0020,dev-fresh-0020,1850,USD,m-520,utilities,pos,CA,2026-03-13T05:50:00Z
tx-fresh-0021,cust-fresh-0021,dev-fresh-0021,1941.41,USD,m-521,groceries,web,IN,2026-03-13T05:51:00Z
tx-fresh-0022,cust-fresh-0022,dev-fresh-0022,2032.82,USD,m-522,electronics,mobile,AE,2026-03-13T05:52:00Z
tx-fresh-0023,cust-fresh-0023,dev-fresh-0023,2124.23,USD,m-523,travel,pos,SG,2026-03-13T05:53:00Z
tx-fresh-0024,cust-fresh-0024,dev-fresh-0024,2215.64,USD,m-524,retail,web,US,2026-03-13T05:54:00Z
tx-fresh-0025,cust-fresh-0025,dev-fresh-0025,2307.05,USD,m-525,jewelry,mobile,GB,2026-03-13T05:55:00Z
tx-fresh-0026,cust-fresh-0026,dev-fresh-0026,2398.46,USD,m-526,books,pos,CA,2026-03-13T05:56:00Z
tx-fresh-0027,cust-fresh-0027,dev-fresh-0027,2489.87,USD,m-527,utilities,web,IN,2026-03-13T05:57:00Z
tx-fresh-0028,cust-fresh-0028,dev-fresh-0028,2581.28,USD,m-528,groceries,mobile,AE,2026-03-13T05:58:00Z
tx-fresh-0029,cust-fresh-0029,dev-fresh-0029,2672.69,USD,m-529,electronics,pos,SG,2026-03-13T05:59:00Z
tx-fresh-0030,cust-fresh-0030,dev-fresh-0030,2760,USD,m-530,travel,web,US,2026-03-13T06:00:00Z
tx-fresh-0031,cust-fresh-0031,dev-fresh-0031,2851.41,USD,m-531,retail,mobile,GB,2026-03-13T06:01:00Z
tx-fresh-0032,cust-fresh-0032,dev-fresh-0032,2942.82,USD,m-532,jewelry,pos,CA,2026-03-13T06:02:00Z
tx-fresh-0033,cust-fresh-0033,dev-fresh-0033,3034.23,USD,m-533,books,web,IN,2026-03-13T06:03:00Z
tx-fresh-0034,cust-fresh-0034,dev-fresh-0034,3125.64,USD,m-534,utilities,mobile,AE,2026-03-13T06:04:00Z
tx-fresh-0035,cust-fresh-0035,dev-fresh-0035,3217.05,USD,m-535,groceries,pos,SG,2026-03-13T06:05:00Z
tx-fresh-0036,cust-fresh-0036,dev-fresh-0036,3308.46,USD,m-536,electronics,web,US,2026-03-13T06:06:00Z
tx-fresh-0037,cust-fresh-0037,dev-fresh-0037,3399.87,USD,m-537,travel,mobile,GB,2026-03-13T06:07:00Z
tx-fresh-0038,cust-fresh-0038,dev-fresh-0038,3491.28,USD,m-538,retail,pos,CA,2026-03-13T06:08:00Z
tx-fresh-0039,cust-fresh-0039,dev-fresh-0039,3582.69,USD,m-539,jewelry,web,IN,2026-03-13T06:09:00Z
tx-fresh-0040,cust-fresh-0040,dev-fresh-0040,3670,USD,m-540,books,mobile,AE,2026-03-13T06:10:00Z
tx-fresh-0041,cust-fresh-0041,dev-fresh-0041,3761.41,USD,m-541,utilities,pos,SG,2026-03-13T06:11:00Z
tx-fresh-0042,cust-fresh-0042,dev-fresh-0042,3852.82,USD,m-542,groceries,web,US,2026-03-13T06:12:00Z
tx-fresh-0043,cust-fresh-0043,dev-fresh-0043,3944.23,USD,m-543,electronics,mobile,GB,2026-03-13T06:13:00Z
tx-fresh-0044,cust-fresh-0044,dev-fresh-0044,4035.64,USD,m-544,travel,pos,CA,2026-03-13T06:14:00Z
tx-fresh-0045,cust-fresh-0045,dev-fresh-0045,4127.05,USD,m-545,retail,web,IN,2026-03-13T06:15:00Z
tx-fresh-0046,cust-fresh-0046,dev-fresh-0046,4218.46,USD,m-546,jewelry,mobile,AE,2026-03-13T06:16:00Z
tx-fresh-0047,cust-fresh-0047,dev-fresh-0047,4309.87,USD,m-547,books,pos,SG,2026-03-13T06:17:00Z
tx-fresh-0048,cust-fresh-0048,dev-fresh-0048,4401.28,USD,m-548,utilities,web,US,2026-03-13T06:18:00Z
tx-fresh-0049,cust-fresh-0049,dev-fresh-0049,4492.69,USD,m-549,groceries,mobile,GB,2026-03-13T06:19:00Z
tx-fresh-0050,cust-fresh-0050,dev-fresh-0050,4580,USD,m-550,electronics,pos,CA,2026-03-13T06:20:00Z
tx-fresh-0051,cust-fresh-0051,dev-fresh-0051,4671.41,USD,m-551,travel,web,IN,2026-03-13T06:21:00Z
tx-fresh-0052,cust-fresh-0052,dev-fresh-0052,4762.82,USD,m-552,retail,mobile,AE,2026-03-13T06:22:00Z
tx-fresh-0053,cust-fresh-0053,dev-fresh-0053,4854.23,USD,m-553,jewelry,pos,SG,2026-03-13T06:23:00Z
tx-fresh-0054,cust-fresh-0054,dev-fresh-0054,4945.64,USD,m-554,books,web,US,2026-03-13T06:24:00Z
tx-fresh-0055,cust-fresh-0055,dev-fresh-0055,5037.05,USD,m-555,utilities,mobile,GB,2026-03-13T06:25:00Z
tx-fresh-0056,cust-fresh-0056,dev-fresh-0056,5128.46,USD,m-556,groceries,pos,CA,2026-03-13T06:26:00Z
tx-fresh-0057,cust-fresh-0057,dev-fresh-0057,5219.87,USD,m-557,electronics,web,IN,2026-03-13T06:27:00Z
tx-fresh-0058,cust-fresh-0058,dev-fresh-0058,5311.28,USD,m-558,travel,mobile,AE,2026-03-13T06:28:00Z
tx-fresh-0059,cust-fresh-0059,dev-fresh-0059,5402.69,USD,m-559,retail,pos,SG,2026-03-13T06:29:00Z
tx-fresh-0060,cust-fresh-0060,dev-fresh-0060,5490,USD,m-560,jewelry,web,US,2026-03-13T06:30:00Z
tx-fresh-0061,cust-fresh-0061,dev-fresh-0061,5581.41,USD,m-561,books,mobile,GB,2026-03-13T06:31:00Z
tx-fresh-0062,cust-fresh-0062,dev-fresh-0062,5672.82,USD,m-562,utilities,pos,CA,2026-03-13T06:32:00Z
tx-fresh-0063,cust-fresh-0063,dev-fresh-0063,5764.23,USD,m-563,groceries,web,IN,2026-03-13T06:33:00Z
tx-fresh-0064,cust-fresh-0064,dev-fresh-0064,5855.64,USD,m-564,electronics,mobile,AE,2026-03-13T06:34:00Z
tx-fresh-0065,cust-fresh-0065,dev-fresh-0065,5947.05,USD,m-565,travel,pos,SG,2026-03-13T06:35:00Z
tx-fresh-0066,cust-fresh-0066,dev-fresh-0066,6038.46,USD,m-566,retail,web,US,2026-03-13T06:36:00Z
tx-fresh-0067,cust-fresh-0067,dev-fresh-0067,6129.87,USD,m-567,jewelry,mobile,GB,2026-03-13T06:37:00Z
tx-fresh-0068,cust-fresh-0068,dev-fresh-0068,6221.28,USD,m-568,books,pos,CA,2026-03-13T06:38:00Z
tx-fresh-0069,cust-fresh-0069,dev-fresh-0069,6312.69,USD,m-569,utilities,web,IN,2026-03-13T06:39:00Z
tx-fresh-0070,cust-fresh-0070,dev-fresh-0070,6400,USD,m-570,groceries,mobile,AE,2026-03-13T06:40:00Z
tx-fresh-0071,cust-fresh-0071,dev-fresh-0071,6491.41,USD,m-571,electronics,pos,SG,2026-03-13T06:41:00Z
tx-fresh-0072,cust-fresh-0072,dev-fresh-0072,6582.82,USD,m-572,travel,web,US,2026-03-13T06:42:00Z
tx-fresh-0073,cust-fresh-0073,dev-fresh-0073,6674.23,USD,m-573,retail,mobile,GB,2026-03-13T06:43:00Z
tx-fresh-0074,cust-fresh-0074,dev-fresh-0074,6765.64,USD,m-574,jewelry,pos,CA,2026-03-13T06:44:00Z
tx-fresh-0075,cust-fresh-0075,dev-fresh-0075,6857.05,USD,m-575,books,web,IN,2026-03-13T06:45:00Z
tx-fresh-0076,cust-fresh-0076,dev-fresh-0076,6948.46,USD,m-576,utilities,mobile,AE,2026-03-13T06:46:00Z
tx-fresh-0077,cust-fresh-0077,dev-fresh-0077,7039.87,USD,m-577,groceries,pos,SG,2026-03-13T06:47:00Z
tx-fresh-0078,cust-fresh-0078,dev-fresh-0078,7131.28,USD,m-578,electronics,web,US,2026-03-13T06:48:00Z
tx-fresh-0079,cust-fresh-0079,dev-fresh-0079,7222.69,USD,m-579,travel,mobile,GB,2026-03-13T06:49:00Z
tx-fresh-0080,cust-fresh-0080,dev-fresh-0080,7310,USD,m-580,retail,pos,CA,2026-03-13T06:50:00Z
tx-fresh-0081,cust-fresh-0081,dev-fresh-0081,7401.41,USD,m-581,jewelry,web,IN,2026-03-13T06:51:00Z
tx-fresh-0082,cust-fresh-0082,dev-fresh-0082,7492.82,USD,m-582,books,mobile,AE,2026-03-13T06:52:00Z
tx-fresh-0083,cust-fresh-0083,dev-fresh-0083,7584.23,USD,m-583,utilities,pos,SG,2026-03-13T06:53:00Z
tx-fresh-0084,cust-fresh-0084,dev-fresh-0084,7675.64,USD,m-584,groceries,web,US,2026-03-13T06:54:00Z
tx-fresh-0085,cust-fresh-0085,dev-fresh-0085,7767.05,USD,m-585,electronics,mobile,GB,2026-03-13T06:55:00Z
tx-fresh-0086,cust-fresh-0086,dev-fresh-0086,7858.46,USD,m-586,travel,pos,CA,2026-03-13T06:56:00Z
tx-fresh-0087,cust-fresh-0087,dev-fresh-0087,7949.87,USD,m-587,retail,web,IN,2026-03-13T06:57:00Z
tx-fresh-0088,cust-fresh-0088,dev-fresh-0088,8041.28,USD,m-588,jewelry,mobile,AE,2026-03-13T06:58:00Z
tx-fresh-0089,cust-fresh-0089,dev-fresh-0089,8132.69,USD,m-589,books,pos,SG,2026-03-13T06:59:00Z
tx-fresh-0090,cust-fresh-0090,dev-fresh-0090,8220,USD,m-590,utilities,web,US,2026-03-13T07:00:00Z
tx-fresh-0091,cust-fresh-0091,dev-fresh-0091,8311.41,USD,m-591,groceries,mobile,GB,2026-03-13T07:01:00Z
tx-fresh-0092,cust-fresh-0092,dev-fresh-0092,8402.82,USD,m-592,electronics,pos,CA,2026-03-13T07:02:00Z
tx-fresh-0093,cust-fresh-0093,dev-fresh-0093,8494.23,USD,m-593,travel,web,IN,2026-03-13T07:03:00Z
tx-fresh-0094,cust-fresh-0094,dev-fresh-0094,8585.64,USD,m-594,retail,mobile,AE,2026-03-13T07:04:00Z
tx-fresh-0095,cust-fresh-0095,dev-fresh-0095,8677.05,USD,m-595,jewelry,pos,SG,2026-03-13T07:05:00Z
tx-fresh-0096,cust-fresh-0096,dev-fresh-0096,8768.46,USD,m-596,books,web,US,2026-03-13T07:06:00Z
tx-fresh-0097,cust-fresh-0097,dev-fresh-0097,8859.87,USD,m-597,utilities,mobile,GB,2026-03-13T07:07:00Z
tx-fresh-0098,cust-fresh-0098,dev-fresh-0098,8951.28,USD,m-598,groceries,pos,CA,2026-03-13T07:08:00Z
tx-fresh-0099,cust-fresh-0099,dev-fresh-0099,9042.69,USD,m-599,electronics,web,IN,2026-03-13T07:09:00Z
tx-fresh-0100,cust-fresh-0100,dev-fresh-0100,9130,USD,m-600,travel,mobile,AE,2026-03-13T07:10:00Z
tx-fresh-0101,cust-fresh-0101,dev-fresh-0101,9221.41,USD,m-601,retail,pos,SG,2026-03-13T07:11:00Z
tx-fresh-0102,cust-fresh-0102,dev-fresh-0102,9312.82,USD,m-602,jewelry,web,US,2026-03-13T07:12:00Z
tx-fresh-0103,cust-fresh-0103,dev-fresh-0103,9404.23,USD,m-603,books,mobile,GB,2026-03-13T07:13:00Z
tx-fresh-0104,cust-fresh-0104,dev-fresh-0104,9495.64,USD,m-604,utilities,pos,CA,2026-03-13T07:14:00Z
tx-fresh-0105,cust-fresh-0105,dev-fresh-0105,9587.05,USD,m-605,groceries,web,IN,2026-03-13T07:15:00Z
tx-fresh-0106,cust-fresh-0106,dev-fresh-0106,9678.46,USD,m-606,electronics,mobile,AE,2026-03-13T07:16:00Z
tx-fresh-0107,cust-fresh-0107,dev-fresh-0107,9769.87,USD,m-607,travel,pos,SG,2026-03-13T07:17:00Z
tx-fresh-0108,cust-fresh-0108,dev-fresh-0108,9861.28,USD,m-608,retail,web,US,2026-03-13T07:18:00Z
tx-fresh-0109,cust-fresh-0109,dev-fresh-0109,9952.69,USD,m-609,jewelry,mobile,GB,2026-03-13T07:19:00Z
tx-fresh-0110,cust-fresh-0110,dev-fresh-0110,10040,USD,m-610,books,pos,CA,2026-03-13T07:20:00Z
tx-fresh-0111,cust-fresh-0111,dev-fresh-0111,10131.41,USD,m-611,utilities,web,IN,2026-03-13T07:21:00Z
tx-fresh-0112,cust-fresh-0112,dev-fresh-0112,10222.82,USD,m-612,groceries,mobile,AE,2026-03-13T07:22:00Z
tx-fresh-0113,cust-fresh-0113,dev-fresh-0113,10314.23,USD,m-613,electronics,pos,SG,2026-03-13T07:23:00Z
tx-fresh-0114,cust-fresh-0114,dev-fresh-0114,10405.64,USD,m-614,travel,web,US,2026-03-13T07:24:00Z
tx-fresh-0115,cust-fresh-0115,dev-fresh-0115,10497.05,USD,m-615,retail,mobile,GB,2026-03-13T07:25:00Z
tx-fresh-0116,cust-fresh-0116,dev-fresh-0116,10588.46,USD,m-616,jewelry,pos,CA,2026-03-13T07:26:00Z
tx-fresh-0117,cust-fresh-0117,dev-fresh-0117,10679.87,USD,m-617,books,web,IN,2026-03-13T07:27:00Z
tx-fresh-0118,cust-fresh-0118,dev-fresh-0118,10771.28,USD,m-618,utilities,mobile,AE,2026-03-13T07:28:00Z
tx-fresh-0119,cust-fresh-0119,dev-fresh-0119,10862.69,USD,m-619,groceries,pos,SG,2026-03-13T07:29:00Z
tx-fresh-0120,cust-fresh-0120,dev-fresh-0120,10950,USD,m-620,electronics,web,US,2026-03-13T07:30:00Z
tx-fresh-0121,cust-fresh-0121,dev-fresh-0121,11041.41,USD,m-621,travel,mobile,GB,2026-03-13T07:31:00Z
tx-fresh-0122,cust-fresh-0122,dev-fresh-0122,11132.82,USD,m-622,retail,pos,CA,2026-03-13T07:32:00Z
tx-fresh-0123,cust-fresh-0123,dev-fresh-0123,11224.23,USD,m-623,jewelry,web,IN,2026-03-13T07:33:00Z
tx-fresh-0124,cust-fresh-0124,dev-fresh-0124,11315.64,USD,m-624,books,mobile,AE,2026-03-13T07:34:00Z
tx-fresh-0125,cust-fresh-0125,dev-fresh-0125,11407.05,USD,m-625,utilities,pos,SG,2026-03-13T07:35:00Z
tx-fresh-0126,cust-fresh-0126,dev-fresh-0126,11498.46,USD,m-626,groceries,web,US,2026-03-13T07:36:00Z
tx-fresh-0127,cust-fresh-0127,dev-fresh-0127,11589.87,USD,m-627,electronics,mobile,GB,2026-03-13T07:37:00Z
tx-fresh-0128,cust-fresh-0128,dev-fresh-0128,11681.28,USD,m-628,travel,pos,CA,2026-03-13T07:38:00Z
tx-fresh-0129,cust-fresh-0129,dev-fresh-0129,11772.69,USD,m-629,retail,web,IN,2026-03-13T07:39:00Z
tx-fresh-0130,cust-fresh-0130,dev-fresh-0130,11860,USD,m-630,jewelry,mobile,AE,2026-03-13T07:40:00Z
tx-fresh-0131,cust-fresh-0131,dev-fresh-0131,11951.41,USD,m-631,books,pos,SG,2026-03-13T07:41:00Z
tx-fresh-0132,cust-fresh-0132,dev-fresh-0132,12042.82,USD,m-632,utilities,web,US,2026-03-13T07:42:00Z
tx-fresh-0133,cust-fresh-0133,dev-fresh-0133,12134.23,USD,m-633,groceries,mobile,GB,2026-03-13T07:43:00Z
tx-fresh-0134,cust-fresh-0134,dev-fresh-0134,12225.64,USD,m-634,electronics,pos,CA,2026-03-13T07:44:00Z
tx-fresh-0135,cust-fresh-0135,dev-fresh-0135,12317.05,USD,m-635,travel,web,IN,2026-03-13T07:45:00Z
tx-fresh-0136,cust-fresh-0136,dev-fresh-0136,12408.46,USD,m-636,retail,mobile,AE,2026-03-13T07:46:00Z
tx-fresh-0137,cust-fresh-0137,dev-fresh-0137,12499.87,USD,m-637,jewelry,pos,SG,2026-03-13T07:47:00Z
tx-fresh-0138,cust-fresh-0138,dev-fresh-0138,12591.28,USD,m-638,books,web,US,2026-03-13T07:48:00Z
tx-fresh-0139,cust-fresh-0139,dev-fresh-0139,12682.69,USD,m-639,utilities,mobile,GB,2026-03-13T07:49:00Z
tx-fresh-0140,cust-fresh-0140,dev-fresh-0140,12770,USD,m-640,groceries,pos,CA,2026-03-13T07:50:00Z
tx-fresh-0141,cust-fresh-0141,dev-fresh-0141,12861.41,USD,m-641,electronics,web,IN,2026-03-13T07:51:00Z
tx-fresh-0142,cust-fresh-0142,dev-fresh-0142,12952.82,USD,m-642,travel,mobile,AE,2026-03-13T07:52:00Z
tx-fresh-0143,cust-fresh-0143,dev-fresh-0143,13044.23,USD,m-643,retail,pos,SG,2026-03-13T07:53:00Z
tx-fresh-0144,cust-fresh-0144,dev-fresh-0144,13135.64,USD,m-644,jewelry,web,US,2026-03-13T07:54:00Z
tx-fresh-0145,cust-fresh-0145,dev-fresh-0145,13227.05,USD,m-645,books,mobile,GB,2026-03-13T07:55:00Z
tx-fresh-0146,cust-fresh-0146,dev-fresh-0146,13318.46,USD,m-646,utilities,pos,CA,2026-03-13T07:56:00Z
tx-fresh-0147,cust-fresh-0147,dev-fresh-0147,13409.87,USD,m-647,groceries,web,IN,2026-03-13T07:57:00Z
tx-fresh-0148,cust-fresh-0148,dev-fresh-0148,13501.28,USD,m-648,electronics,mobile,AE,2026-03-13T07:58:00Z
tx-fresh-0149,cust-fresh-0149,dev-fresh-0149,13592.69,USD,m-649,travel,pos,SG,2026-03-13T07:59:00Z
tx-fresh-0150,cust-fresh-0150,dev-fresh-0150,13680,USD,m-650,retail,web,US,2026-03-13T08:00:00Z
tx-fresh-0151,cust-fresh-0151,dev-fresh-0151,13771.41,USD,m-651,jewelry,mobile,GB,2026-03-13T08:01:00Z
tx-fresh-0152,cust-fresh-0152,dev-fresh-0152,13862.82,USD,m-652,books,pos,CA,2026-03-13T08:02:00Z
tx-fresh-0153,cust-fresh-0153,dev-fresh-0153,13954.23,USD,m-653,utilities,web,IN,2026-03-13T08:03:00Z
tx-fresh-0154,cust-fresh-0154,dev-fresh-0154,45.64,USD,m-654,groceries,mobile,AE,2026-03-13T08:04:00Z
tx-fresh-0155,cust-fresh-0155,dev-fresh-0155,137.05,USD,m-655,electronics,pos,SG,2026-03-13T08:05:00Z
tx-fresh-0156,cust-fresh-0156,dev-fresh-0156,228.46,USD,m-656,travel,web,US,2026-03-13T08:06:00Z
tx-fresh-0157,cust-fresh-0157,dev-fresh-0157,319.87,USD,m-657,retail,mobile,GB,2026-03-13T08:07:00Z
tx-fresh-0158,cust-fresh-0158,dev-fresh-0158,411.28,USD,m-658,jewelry,pos,CA,2026-03-13T08:08:00Z
tx-fresh-0159,cust-fresh-0159,dev-fresh-0159,502.69,USD,m-659,books,web,IN,2026-03-13T08:09:00Z
tx-fresh-0160,cust-fresh-0160,dev-fresh-0160,590,USD,m-660,utilities,mobile,AE,2026-03-13T08:10:00Z
tx-fresh-0161,cust-fresh-0161,dev-fresh-0161,681.41,USD,m-661,groceries,pos,SG,2026-03-13T08:11:00Z
tx-fresh-0162,cust-fresh-0162,dev-fresh-0162,772.82,USD,m-662,electronics,web,US,2026-03-13T08:12:00Z
tx-fresh-0163,cust-fresh-0163,dev-fresh-0163,864.23,USD,m-663,travel,mobile,GB,2026-03-13T08:13:00Z
tx-fresh-0164,cust-fresh-0164,dev-fresh-0164,955.64,USD,m-664,retail,pos,CA,2026-03-13T08:14:00Z
tx-fresh-0165,cust-fresh-0165,dev-fresh-0165,1047.05,USD,m-665,jewelry,web,IN,2026-03-13T08:15:00Z
tx-fresh-0166,cust-fresh-0166,dev-fresh-0166,1138.46,USD,m-666,books,mobile,AE,2026-03-13T08:16:00Z
tx-fresh-0167,cust-fresh-0167,dev-fresh-0167,1229.87,USD,m-667,utilities,pos,SG,2026-03-13T08:17:00Z
tx-fresh-0168,cust-fresh-0168,dev-fresh-0168,1321.28,USD,m-668,groceries,web,US,2026-03-13T08:18:00Z
tx-fresh-0169,cust-fresh-0169,dev-fresh-0169,1412.69,USD,m-669,electronics,mobile,GB,2026-03-13T08:19:00Z
tx-fresh-0170,cust-fresh-0170,dev-fresh-0170,1500,USD,m-670,travel,pos,CA,2026-03-13T08:20:00Z
tx-fresh-0171,cust-fresh-0171,dev-fresh-0171,1591.41,USD,m-671,retail,web,IN,2026-03-13T08:21:00Z
tx-fresh-0172,cust-fresh-0172,dev-fresh-0172,1682.82,USD,m-672,jewelry,mobile,AE,2026-03-13T08:22:00Z
tx-fresh-0173,cust-fresh-0173,dev-fresh-0173,1774.23,USD,m-673,books,pos,SG,2026-03-13T08:23:00Z
tx-fresh-0174,cust-fresh-0174,dev-fresh-0174,1865.64,USD,m-674,utilities,web,US,2026-03-13T08:24:00Z
tx-fresh-0175,cust-fresh-0175,dev-fresh-0175,1957.05,USD,m-675,groceries,mobile,GB,2026-03-13T08:25:00Z
tx-fresh-0176,cust-fresh-0176,dev-fresh-0176,2048.46,USD,m-676,electronics,pos,CA,2026-03-13T08:26:00Z
tx-fresh-0177,cust-fresh-0177,dev-fresh-0177,2139.87,USD,m-677,travel,web,IN,2026-03-13T08:27:00Z
tx-fresh-0178,cust-fresh-0178,dev-fresh-0178,2231.28,USD,m-678,retail,mobile,AE,2026-03-13T08:28:00Z
tx-fresh-0179,cust-fresh-0179,dev-fresh-0179,2322.69,USD,m-679,jewelry,pos,SG,2026-03-13T08:29:00Z
tx-fresh-0180,cust-fresh-0180,dev-fresh-0180,2410,USD,m-680,books,web,US,2026-03-13T08:30:00Z
tx-fresh-0181,cust-fresh-0181,dev-fresh-0181,2501.41,USD,m-681,utilities,mobile,GB,2026-03-13T08:31:00Z
tx-fresh-0182,cust-fresh-0182,dev-fresh-0182,2592.82,USD,m-682,groceries,pos,CA,2026-03-13T08:32:00Z
tx-fresh-0183,cust-fresh-0183,dev-fresh-0183,2684.23,USD,m-683,electronics,web,IN,2026-03-13T08:33:00Z
tx-fresh-0184,cust-fresh-0184,dev-fresh-0184,2775.64,USD,m-684,travel,mobile,AE,2026-03-13T08:34:00Z
tx-fresh-0185,cust-fresh-0185,dev-fresh-0185,2867.05,USD,m-685,retail,pos,SG,2026-03-13T08:35:00Z
tx-fresh-0186,cust-fresh-0186,dev-fresh-0186,2958.46,USD,m-686,jewelry,web,US,2026-03-13T08:36:00Z
tx-fresh-0187,cust-fresh-0187,dev-fresh-0187,3049.87,USD,m-687,books,mobile,GB,2026-03-13T08:37:00Z
tx-fresh-0188,cust-fresh-0188,dev-fresh-0188,3141.28,USD,m-688,utilities,pos,CA,2026-03-13T08:38:00Z
tx-fresh-0189,cust-fresh-0189,dev-fresh-0189,3232.69,USD,m-689,groceries,web,IN,2026-03-13T08:39:00Z
tx-fresh-0190,cust-fresh-0190,dev-fresh-0190,3320,USD,m-690,electronics,mobile,AE,2026-03-13T08:40:00Z
tx-fresh-0191,cust-fresh-0191,dev-fresh-0191,3411.41,USD,m-691,travel,pos,SG,2026-03-13T08:41:00Z
tx-fresh-0192,cust-fresh-0192,dev-fresh-0192,3502.82,USD,m-692,retail,web,US,2026-03-13T08:42:00Z
tx-fresh-0193,cust-fresh-0193,dev-fresh-0193,3594.23,USD,m-693,jewelry,mobile,GB,2026-03-13T08:43:00Z
tx-fresh-0194,cust-fresh-0194,dev-fresh-0194,3685.64,USD,m-694,books,pos,CA,2026-03-13T08:44:00Z
tx-fresh-0195,cust-fresh-0195,dev-fresh-0195,3777.05,USD,m-695,utilities,web,IN,2026-03-13T08:45:00Z
tx-fresh-0196,cust-fresh-0196,dev-fresh-0196,3868.46,USD,m-696,groceries,mobile,AE,2026-03-13T08:46:00Z
tx-fresh-0197,cust-fresh-0197,dev-fresh-0197,3959.87,USD,m-697,electronics,pos,SG,2026-03-13T08:47:00Z
tx-fresh-0198,cust-fresh-0198,dev-fresh-0198,4051.28,USD,m-698,travel,web,US,2026-03-13T08:48:00Z
tx-fresh-0199,cust-fresh-0199,dev-fresh-0199,4142.69,USD,m-699,retail,mobile,GB,2026-03-13T08:49:00Z
tx-fresh-0200,cust-fresh-0200,dev-fresh-0200,4230,USD,m-700,jewelry,pos,CA,2026-03-13T08:50:00Z
tx-fresh-0201,cust-fresh-0201,dev-fresh-0201,4321.41,USD,m-701,books,web,IN,2026-03-13T08:51:00Z
tx-fresh-0202,cust-fresh-0202,dev-fresh-0202,4412.82,USD,m-702,utilities,mobile,AE,2026-03-13T08:52:00Z
tx-fresh-0203,cust-fresh-0203,dev-fresh-0203,4504.23,USD,m-703,groceries,pos,SG,2026-03-13T08:53:00Z
tx-fresh-0204,cust-fresh-0204,dev-fresh-0204,4595.64,USD,m-704,electronics,web,US,2026-03-13T08:54:00Z
tx-fresh-0205,cust-fresh-0205,dev-fresh-0205,4687.05,USD,m-705,travel,mobile,GB,2026-03-13T08:55:00Z
tx-fresh-0206,cust-fresh-0206,dev-fresh-0206,4778.46,USD,m-706,retail,pos,CA,2026-03-13T08:56:00Z
tx-fresh-0207,cust-fresh-0207,dev-fresh-0207,4869.87,USD,m-707,jewelry,web,IN,2026-03-13T08:57:00Z
tx-fresh-0208,cust-fresh-0208,dev-fresh-0208,4961.28,USD,m-708,books,mobile,AE,2026-03-13T08:58:00Z
tx-fresh-0209,cust-fresh-0209,dev-fresh-0209,5052.69,USD,m-709,utilities,pos,SG,2026-03-13T08:59:00Z
tx-fresh-0210,cust-fresh-0210,dev-fresh-0210,5140,USD,m-710,groceries,web,US,2026-03-13T09:00:00Z
tx-fresh-0211,cust-fresh-0211,dev-fresh-0211,5231.41,USD,m-711,electronics,mobile,GB,2026-03-13T09:01:00Z
tx-fresh-0212,cust-fresh-0212,dev-fresh-0212,5322.82,USD,m-712,travel,pos,CA,2026-03-13T09:02:00Z
tx-fresh-0213,cust-fresh-0213,dev-fresh-0213,5414.23,USD,m-713,retail,web,IN,2026-03-13T09:03:00Z
tx-fresh-0214,cust-fresh-0214,dev-fresh-0214,5505.64,USD,m-714,jewelry,mobile,AE,2026-03-13T09:04:00Z
tx-fresh-0215,cust-fresh-0215,dev-fresh-0215,5597.05,USD,m-715,books,pos,SG,2026-03-13T09:05:00Z
tx-fresh-0216,cust-fresh-0216,dev-fresh-0216,5688.46,USD,m-716,utilities,web,US,2026-03-13T09:06:00Z
tx-fresh-0217,cust-fresh-0217,dev-fresh-0217,5779.87,USD,m-717,groceries,mobile,GB,2026-03-13T09:07:00Z
tx-fresh-0218,cust-fresh-0218,dev-fresh-0218,5871.28,USD,m-718,electronics,pos,CA,2026-03-13T09:08:00Z
tx-fresh-0219,cust-fresh-0219,dev-fresh-0219,5962.69,USD,m-719,travel,web,IN,2026-03-13T09:09:00Z
tx-fresh-0220,cust-fresh-0220,dev-fresh-0220,6050,USD,m-720,retail,mobile,AE,2026-03-13T09:10:00Z
tx-fresh-0221,cust-fresh-0221,dev-fresh-0221,6141.41,USD,m-721,jewelry,pos,SG,2026-03-13T09:11:00Z
tx-fresh-0222,cust-fresh-0222,dev-fresh-0222,6232.82,USD,m-722,books,web,US,2026-03-13T09:12:00Z
tx-fresh-0223,cust-fresh-0223,dev-fresh-0223,6324.23,USD,m-723,utilities,mobile,GB,2026-03-13T09:13:00Z
tx-fresh-0224,cust-fresh-0224,dev-fresh-0224,6415.64,USD,m-724,groceries,pos,CA,2026-03-13T09:14:00Z
tx-fresh-0225,cust-fresh-0225,dev-fresh-0225,6507.05,USD,m-725,electronics,web,IN,2026-03-13T09:15:00Z
tx-fresh-0226,cust-fresh-0226,dev-fresh-0226,6598.46,USD,m-726,travel,mobile,AE,2026-03-13T09:16:00Z
tx-fresh-0227,cust-fresh-0227,dev-fresh-0227,6689.87,USD,m-727,retail,pos,SG,2026-03-13T09:17:00Z
tx-fresh-0228,cust-fresh-0228,dev-fresh-0228,6781.28,USD,m-728,jewelry,web,US,2026-03-13T09:18:00Z
tx-fresh-0229,cust-fresh-0229,dev-fresh-0229,6872.69,USD,m-729,books,mobile,GB,2026-03-13T09:19:00Z
tx-fresh-0230,cust-fresh-0230,dev-fresh-0230,6960,USD,m-730,utilities,pos,CA,2026-03-13T09:20:00Z
tx-fresh-0231,cust-fresh-0231,dev-fresh-0231,7051.41,USD,m-731,groceries,web,IN,2026-03-13T09:21:00Z
tx-fresh-0232,cust-fresh-0232,dev-fresh-0232,7142.82,USD,m-732,electronics,mobile,AE,2026-03-13T09:22:00Z
tx-fresh-0233,cust-fresh-0233,dev-fresh-0233,7234.23,USD,m-733,travel,pos,SG,2026-03-13T09:23:00Z
tx-fresh-0234,cust-fresh-0234,dev-fresh-0234,7325.64,USD,m-734,retail,web,US,2026-03-13T09:24:00Z
tx-fresh-0235,cust-fresh-0235,dev-fresh-0235,7417.05,USD,m-735,jewelry,mobile,GB,2026-03-13T09:25:00Z
tx-fresh-0236,cust-fresh-0236,dev-fresh-0236,7508.46,USD,m-736,books,pos,CA,2026-03-13T09:26:00Z
tx-fresh-0237,cust-fresh-0237,dev-fresh-0237,7599.87,USD,m-737,utilities,web,IN,2026-03-13T09:27:00Z
tx-fresh-0238,cust-fresh-0238,dev-fresh-0238,7691.28,USD,m-738,groceries,mobile,AE,2026-03-13T09:28:00Z
tx-fresh-0239,cust-fresh-0239,dev-fresh-0239,7782.69,USD,m-739,electronics,pos,SG,2026-03-13T09:29:00Z
tx-fresh-0240,cust-fresh-0240,dev-fresh-0240,7870,USD,m-740,travel,web,US,2026-03-13T09:30:00Z
tx-fresh-0241,cust-fresh-0241,dev-fresh-0241,7961.41,USD,m-741,retail,mobile,GB,2026-03-13T09:31:00Z
tx-fresh-0242,cust-fresh-0242,dev-fresh-0242,8052.82,USD,m-742,jewelry,pos,CA,2026-03-13T09:32:00Z
tx-fresh-0243,cust-fresh-0243,dev-fresh-0243,8144.23,USD,m-743,books,web,IN,2026-03-13T09:33:00Z
tx-fresh-0244,cust-fresh-0244,dev-fresh-0244,8235.64,USD,m-744,utilities,mobile,AE,2026-03-13T09:34:00Z
tx-fresh-0245,cust-fresh-0245,dev-fresh-0245,8327.05,USD,m-745,groceries,pos,SG,2026-03-13T09:35:00Z
tx-fresh-0246,cust-fresh-0246,dev-fresh-0246,8418.46,USD,m-746,electronics,web,US,2026-03-13T09:36:00Z
tx-fresh-0247,cust-fresh-0247,dev-fresh-0247,8509.87,USD,m-747,travel,mobile,GB,2026-03-13T09:37:00Z
tx-fresh-0248,cust-fresh-0248,dev-fresh-0248,8601.28,USD,m-748,retail,pos,CA,2026-03-13T09:38:00Z
tx-fresh-0249,cust-fresh-0249,dev-fresh-0249,8692.69,USD,m-749,jewelry,web,IN,2026-03-13T09:39:00Z
tx-fresh-0250,cust-fresh-0250,dev-fresh-0250,8780,USD,m-750,books,mobile,AE,2026-03-13T09:40:00Z
tx-fresh-0251,cust-fresh-0251,dev-fresh-0251,8871.41,USD,m-751,utilities,pos,SG,2026-03-13T09:41:00Z
tx-fresh-0252,cust-fresh-0252,dev-fresh-0252,8962.82,USD,m-752,groceries,web,US,2026-03-13T09:42:00Z
tx-fresh-0253,cust-fresh-0253,dev-fresh-0253,9054.23,USD,m-753,electronics,mobile,GB,2026-03-13T09:43:00Z
tx-fresh-0254,cust-fresh-0254,dev-fresh-0254,9145.64,USD,m-754,travel,pos,CA,2026-03-13T09:44:00Z
tx-fresh-0255,cust-fresh-0255,dev-fresh-0255,9237.05,USD,m-755,retail,web,IN,2026-03-13T09:45:00Z
tx-fresh-0256,cust-fresh-0256,dev-fresh-0256,9328.46,USD,m-756,jewelry,mobile,AE,2026-03-13T09:46:00Z
tx-fresh-0257,cust-fresh-0257,dev-fresh-0257,9419.87,USD,m-757,books,pos,SG,2026-03-13T09:47:00Z
tx-fresh-0258,cust-fresh-0258,dev-fresh-0258,9511.28,USD,m-758,utilities,web,US,2026-03-13T09:48:00Z
tx-fresh-0259,cust-fresh-0259,dev-fresh-0259,9602.69,USD,m-759,groceries,mobile,GB,2026-03-13T09:49:00Z
tx-fresh-0260,cust-fresh-0260,dev-fresh-0260,9690,USD,m-760,electronics,pos,CA,2026-03-13T09:50:00Z
tx-fresh-0261,cust-fresh-0261,dev-fresh-0261,9781.41,USD,m-761,travel,web,IN,2026-03-13T09:51:00Z
tx-fresh-0262,cust-fresh-0262,dev-fresh-0262,9872.82,USD,m-762,retail,mobile,AE,2026-03-13T09:52:00Z
tx-fresh-0263,cust-fresh-0263,dev-fresh-0263,9964.23,USD,m-763,jewelry,pos,SG,2026-03-13T09:53:00Z
tx-fresh-0264,cust-fresh-0264,dev-fresh-0264,10055.64,USD,m-764,books,web,US,2026-03-13T09:54:00Z
tx-fresh-0265,cust-fresh-0265,dev-fresh-0265,10147.05,USD,m-765,utilities,mobile,GB,2026-03-13T09:55:00Z
tx-fresh-0266,cust-fresh-0266,dev-fresh-0266,10238.46,USD,m-766,groceries,pos,CA,2026-03-13T09:56:00Z
tx-fresh-0267,cust-fresh-0267,dev-fresh-0267,10329.87,USD,m-767,electronics,web,IN,2026-03-13T09:57:00Z
tx-fresh-0268,cust-fresh-0268,dev-fresh-0268,10421.28,USD,m-768,travel,mobile,AE,2026-03-13T09:58:00Z
tx-fresh-0269,cust-fresh-0269,dev-fresh-0269,10512.69,USD,m-769,retail,pos,SG,2026-03-13T09:59:00Z
tx-fresh-0270,cust-fresh-0270,dev-fresh-0270,10600,USD,m-770,jewelry,web,US,2026-03-13T10:00:00Z
tx-fresh-0271,cust-fresh-0271,dev-fresh-0271,10691.41,USD,m-771,books,mobile,GB,2026-03-13T10:01:00Z
tx-fresh-0272,cust-fresh-0272,dev-fresh-0272,10782.82,USD,m-772,utilities,pos,CA,2026-03-13T10:02:00Z
tx-fresh-0273,cust-fresh-0273,dev-fresh-0273,10874.23,USD,m-773,groceries,web,IN,2026-03-13T10:03:00Z
tx-fresh-0274,cust-fresh-0274,dev-fresh-0274,10965.64,USD,m-774,electronics,mobile,AE,2026-03-13T10:04:00Z
tx-fresh-0275,cust-fresh-0275,dev-fresh-0275,11057.05,USD,m-775,travel,pos,SG,2026-03-13T10:05:00Z
tx-fresh-0276,cust-fresh-0276,dev-fresh-0276,11148.46,USD,m-776,retail,web,US,2026-03-13T10:06:00Z
tx-fresh-0277,cust-fresh-0277,dev-fresh-0277,11239.87,USD,m-777,jewelry,mobile,GB,2026-03-13T10:07:00Z
tx-fresh-0278,cust-fresh-0278,dev-fresh-0278,11331.28,USD,m-778,books,pos,CA,2026-03-13T10:08:00Z
tx-fresh-0279,cust-fresh-0279,dev-fresh-0279,11422.69,USD,m-779,utilities,web,IN,2026-03-13T10:09:00Z
tx-fresh-0280,cust-fresh-0280,dev-fresh-0280,11510,USD,m-780,groceries,mobile,AE,2026-03-13T10:10:00Z
tx-fresh-0281,cust-fresh-0281,dev-fresh-0281,11601.41,USD,m-781,electronics,pos,SG,2026-03-13T10:11:00Z
tx-fresh-0282,cust-fresh-0282,dev-fresh-0282,11692.82,USD,m-782,travel,web,US,2026-03-13T10:12:00Z
tx-fresh-0283,cust-fresh-0283,dev-fresh-0283,11784.23,USD,m-783,retail,mobile,GB,2026-03-13T10:13:00Z
tx-fresh-0284,cust-fresh-0284,dev-fresh-0284,11875.64,USD,m-784,jewelry,pos,CA,2026-03-13T10:14:00Z
tx-fresh-0285,cust-fresh-0285,dev-fresh-0285,11967.05,USD,m-785,books,web,IN,2026-03-13T10:15:00Z
tx-fresh-0286,cust-fresh-0286,dev-fresh-0286,12058.46,USD,m-786,utilities,mobile,AE,2026-03-13T10:16:00Z
tx-fresh-0287,cust-fresh-0287,dev-fresh-0287,12149.87,USD,m-787,groceries,pos,SG,2026-03-13T10:17:00Z
tx-fresh-0288,cust-fresh-0288,dev-fresh-0288,12241.28,USD,m-788,electronics,web,US,2026-03-13T10:18:00Z
tx-fresh-0289,cust-fresh-0289,dev-fresh-0289,12332.69,USD,m-789,travel,mobile,GB,2026-03-13T10:19:00Z
tx-fresh-0290,cust-fresh-0290,dev-fresh-0290,12420,USD,m-790,retail,pos,CA,2026-03-13T10:20:00Z
tx-fresh-0291,cust-fresh-0291,dev-fresh-0291,12511.41,USD,m-791,jewelry,web,IN,2026-03-13T10:21:00Z
tx-fresh-0292,cust-fresh-0292,dev-fresh-0292,12602.82,USD,m-792,books,mobile,AE,2026-03-13T10:22:00Z
tx-fresh-0293,cust-fresh-0293,dev-fresh-0293,12694.23,USD,m-793,utilities,pos,SG,2026-03-13T10:23:00Z
tx-fresh-0294,cust-fresh-0294,dev-fresh-0294,12785.64,USD,m-794,groceries,web,US,2026-03-13T10:24:00Z
tx-fresh-0295,cust-fresh-0295,dev-fresh-0295,12877.05,USD,m-795,electronics,mobile,GB,2026-03-13T10:25:00Z
tx-fresh-0296,cust-fresh-0296,dev-fresh-0296,12968.46,USD,m-796,travel,pos,CA,2026-03-13T10:26:00Z
tx-fresh-0297,cust-fresh-0297,dev-fresh-0297,13059.87,USD,m-797,retail,web,IN,2026-03-13T10:27:00Z
tx-fresh-0298,cust-fresh-0298,dev-fresh-0298,13151.28,USD,m-798,jewelry,mobile,AE,2026-03-13T10:28:00Z
tx-fresh-0299,cust-fresh-0299,dev-fresh-0299,13242.69,USD,m-799,books,pos,SG,2026-03-13T10:29:00Z
tx-fresh-0300,cust-fresh-0300,dev-fresh-0300,13330,USD,m-800,utilities,web,US,2026-03-13T10:30:00Z
tx-fresh-0301,cust-fresh-0301,dev-fresh-0301,13421.41,USD,m-801,groceries,mobile,GB,2026-03-13T10:31:00Z
tx-fresh-0302,cust-fresh-0302,dev-fresh-0302,13512.82,USD,m-802,electronics,pos,CA,2026-03-13T10:32:00Z
tx-fresh-0303,cust-fresh-0303,dev-fresh-0303,13604.23,USD,m-803,travel,web,IN,2026-03-13T10:33:00Z
tx-fresh-0304,cust-fresh-0304,dev-fresh-0304,13695.64,USD,m-804,retail,mobile,AE,2026-03-13T10:34:00Z
tx-fresh-0305,cust-fresh-0305,dev-fresh-0305,13787.05,USD,m-805,jewelry,pos,SG,2026-03-13T10:35:00Z
tx-fresh-0306,cust-fresh-0306,dev-fresh-0306,13878.46,USD,m-806,books,web,US,2026-03-13T10:36:00Z
tx-fresh-0307,cust-fresh-0307,dev-fresh-0307,13969.87,USD,m-807,utilities,mobile,GB,2026-03-13T10:37:00Z
tx-fresh-0308,cust-fresh-0308,dev-fresh-0308,61.28,USD,m-808,groceries,pos,CA,2026-03-13T10:38:00Z
tx-fresh-0309,cust-fresh-0309,dev-fresh-0309,152.69,USD,m-809,electronics,web,IN,2026-03-13T10:39:00Z
tx-fresh-0310,cust-fresh-0310,dev-fresh-0310,240,USD,m-810,travel,mobile,AE,2026-03-13T10:40:00Z
tx-fresh-0311,cust-fresh-0311,dev-fresh-0311,331.41,USD,m-811,retail,pos,SG,2026-03-13T10:41:00Z
tx-fresh-0312,cust-fresh-0312,dev-fresh-0312,422.82,USD,m-812,jewelry,web,US,2026-03-13T10:42:00Z
tx-fresh-0313,cust-fresh-0313,dev-fresh-0313,514.23,USD,m-813,books,mobile,GB,2026-03-13T10:43:00Z
tx-fresh-0314,cust-fresh-0314,dev-fresh-0314,605.64,USD,m-814,utilities,pos,CA,2026-03-13T10:44:00Z
tx-fresh-0315,cust-fresh-0315,dev-fresh-0315,697.05,USD,m-815,groceries,web,IN,2026-03-13T10:45:00Z
tx-fresh-0316,cust-fresh-0316,dev-fresh-0316,788.46,USD,m-816,electronics,mobile,AE,2026-03-13T10:46:00Z
tx-fresh-0317,cust-fresh-0317,dev-fresh-0317,879.87,USD,m-817,travel,pos,SG,2026-03-13T10:47:00Z
tx-fresh-0318,cust-fresh-0318,dev-fresh-0318,971.28,USD,m-818,retail,web,US,2026-03-13T10:48:00Z
tx-fresh-0319,cust-fresh-0319,dev-fresh-0319,1062.69,USD,m-819,jewelry,mobile,GB,2026-03-13T10:49:00Z
tx-fresh-0320,cust-fresh-0320,dev-fresh-0320,1150,USD,m-820,books,pos,CA,2026-03-13T10:50:00Z
tx-fresh-0321,cust-fresh-0321,dev-fresh-0321,1241.41,USD,m-821,utilities,web,IN,2026-03-13T10:51:00Z
tx-fresh-0322,cust-fresh-0322,dev-fresh-0322,1332.82,USD,m-822,groceries,mobile,AE,2026-03-13T10:52:00Z
tx-fresh-0323,cust-fresh-0323,dev-fresh-0323,1424.23,USD,m-823,electronics,pos,SG,2026-03-13T10:53:00Z
tx-fresh-0324,cust-fresh-0324,dev-fresh-0324,1515.64,USD,m-824,travel,web,US,2026-03-13T10:54:00Z
tx-fresh-0325,cust-fresh-0325,dev-fresh-0325,1607.05,USD,m-825,retail,mobile,GB,2026-03-13T10:55:00Z
tx-fresh-0326,cust-fresh-0326,dev-fresh-0326,1698.46,USD,m-826,jewelry,pos,CA,2026-03-13T10:56:00Z
tx-fresh-0327,cust-fresh-0327,dev-fresh-0327,1789.87,USD,m-827,books,web,IN,2026-03-13T10:57:00Z
tx-fresh-0328,cust-fresh-0328,dev-fresh-0328,1881.28,USD,m-828,utilities,mobile,AE,2026-03-13T10:58:00Z
tx-fresh-0329,cust-fresh-0329,dev-fresh-0329,1972.69,USD,m-829,groceries,pos,SG,2026-03-13T10:59:00Z
tx-fresh-0330,cust-fresh-0330,dev-fresh-0330,2060,USD,m-830,electronics,web,US,2026-03-13T11:00:00Z
tx-fresh-0331,cust-fresh-0331,dev-fresh-0331,2151.41,USD,m-831,travel,mobile,GB,2026-03-13T11:01:00Z
tx-fresh-0332,cust-fresh-0332,dev-fresh-0332,2242.82,USD,m-832,retail,pos,CA,2026-03-13T11:02:00Z
tx-fresh-0333,cust-fresh-0333,dev-fresh-0333,2334.23,USD,m-833,jewelry,web,IN,2026-03-13T11:03:00Z
tx-fresh-0334,cust-fresh-0334,dev-fresh-0334,2425.64,USD,m-834,books,mobile,AE,2026-03-13T11:04:00Z
tx-fresh-0335,cust-fresh-0335,dev-fresh-0335,2517.05,USD,m-835,utilities,pos,SG,2026-03-13T11:05:00Z
tx-fresh-0336,cust-fresh-0336,dev-fresh-0336,2608.46,USD,m-836,groceries,web,US,2026-03-13T11:06:00Z
tx-fresh-0337,cust-fresh-0337,dev-fresh-0337,2699.87,USD,m-837,electronics,mobile,GB,2026-03-13T11:07:00Z
tx-fresh-0338,cust-fresh-0338,dev-fresh-0338,2791.28,USD,m-838,travel,pos,CA,2026-03-13T11:08:00Z
tx-fresh-0339,cust-fresh-0339,dev-fresh-0339,2882.69,USD,m-839,retail,web,IN,2026-03-13T11:09:00Z
tx-fresh-0340,cust-fresh-0340,dev-fresh-0340,2970,USD,m-840,jewelry,mobile,AE,2026-03-13T11:10:00Z
tx-fresh-0341,cust-fresh-0341,dev-fresh-0341,3061.41,USD,m-841,books,pos,SG,2026-03-13T11:11:00Z
tx-fresh-0342,cust-fresh-0342,dev-fresh-0342,3152.82,USD,m-842,utilities,web,US,2026-03-13T11:12:00Z
tx-fresh-0343,cust-fresh-0343,dev-fresh-0343,3244.23,USD,m-843,groceries,mobile,GB,2026-03-13T11:13:00Z
tx-fresh-0344,cust-fresh-0344,dev-fresh-0344,3335.64,USD,m-844,electronics,pos,CA,2026-03-13T11:14:00Z
tx-fresh-0345,cust-fresh-0345,dev-fresh-0345,3427.05,USD,m-845,travel,web,IN,2026-03-13T11:15:00Z
tx-fresh-0346,cust-fresh-0346,dev-fresh-0346,3518.46,USD,m-846,retail,mobile,AE,2026-03-13T11:16:00Z
tx-fresh-0347,cust-fresh-0347,dev-fresh-0347,3609.87,USD,m-847,jewelry,pos,SG,2026-03-13T11:17:00Z
tx-fresh-0348,cust-fresh-0348,dev-fresh-0348,3701.28,USD,m-848,books,web,US,2026-03-13T11:18:00Z
tx-fresh-0349,cust-fresh-0349,dev-fresh-0349,3792.69,USD,m-849,utilities,mobile,GB,2026-03-13T11:19:00Z
tx-fresh-0350,cust-fresh-0350,dev-fresh-0350,3880,USD,m-850,groceries,pos,CA,2026-03-13T11:20:00Z
tx-fresh-0351,cust-fresh-0351,dev-fresh-0351,3971.41,USD,m-851,electronics,web,IN,2026-03-13T11:21:00Z
tx-fresh-0352,cust-fresh-0352,dev-fresh-0352,4062.82,USD,m-852,travel,mobile,AE,2026-03-13T11:22:00Z
tx-fresh-0353,cust-fresh-0353,dev-fresh-0353,4154.23,USD,m-853,retail,pos,SG,2026-03-13T11:23:00Z
tx-fresh-0354,cust-fresh-0354,dev-fresh-0354,4245.64,USD,m-854,jewelry,web,US,2026-03-13T11:24:00Z
tx-fresh-0355,cust-fresh-0355,dev-fresh-0355,4337.05,USD,m-855,books,mobile,GB,2026-03-13T11:25:00Z
tx-fresh-0356,cust-fresh-0356,dev-fresh-0356,4428.46,USD,m-856,utilities,pos,CA,2026-03-13T11:26:00Z
tx-fresh-0357,cust-fresh-0357,dev-fresh-0357,4519.87,USD,m-857,groceries,web,IN,2026-03-13T11:27:00Z
tx-fresh-0358,cust-fresh-0358,dev-fresh-0358,4611.28,USD,m-858,electronics,mobile,AE,2026-03-13T11:28:00Z
tx-fresh-0359,cust-fresh-0359,dev-fresh-0359,4702.69,USD,m-859,travel,pos,SG,2026-03-13T11:29:00Z
tx-fresh-0360,cust-fresh-0360,dev-fresh-0360,4790,USD,m-860,retail,web,US,2026-03-13T11:30:00Z
tx-fresh-0361,cust-fresh-0361,dev-fresh-0361,4881.41,USD,m-861,jewelry,mobile,GB,2026-03-13T11:31:00Z
tx-fresh-0362,cust-fresh-0362,dev-fresh-0362,4972.82,USD,m-862,books,pos,CA,2026-03-13T11:32:00Z
tx-fresh-0363,cust-fresh-0363,dev-fresh-0363,5064.23,USD,m-863,utilities,web,IN,2026-03-13T11:33:00Z
tx-fresh-0364,cust-fresh-0364,dev-fresh-0364,5155.64,USD,m-864,groceries,mobile,AE,2026-03-13T11:34:00Z
tx-fresh-0365,cust-fresh-0365,dev-fresh-0365,5247.05,USD,m-865,electronics,pos,SG,2026-03-13T11:35:00Z
tx-fresh-0366,cust-fresh-0366,dev-fresh-0366,5338.46,USD,m-866,travel,web,US,2026-03-13T11:36:00Z
tx-fresh-0367,cust-fresh-0367,dev-fresh-0367,5429.87,USD,m-867,retail,mobile,GB,2026-03-13T11:37:00Z
tx-fresh-0368,cust-fresh-0368,dev-fresh-0368,5521.28,USD,m-868,jewelry,pos,CA,2026-03-13T11:38:00Z
tx-fresh-0369,cust-fresh-0369,dev-fresh-0369,5612.69,USD,m-869,books,web,IN,2026-03-13T11:39:00Z
tx-fresh-0370,cust-fresh-0370,dev-fresh-0370,5700,USD,m-870,utilities,mobile,AE,2026-03-13T11:40:00Z
tx-fresh-0371,cust-fresh-0371,dev-fresh-0371,5791.41,USD,m-871,groceries,pos,SG,2026-03-13T11:41:00Z
tx-fresh-0372,cust-fresh-0372,dev-fresh-0372,5882.82,USD,m-872,electronics,web,US,2026-03-13T11:42:00Z
tx-fresh-0373,cust-fresh-0373,dev-fresh-0373,5974.23,USD,m-873,travel,mobile,GB,2026-03-13T11:43:00Z
tx-fresh-0374,cust-fresh-0374,dev-fresh-0374,6065.64,USD,m-874,retail,pos,CA,2026-03-13T11:44:00Z
tx-fresh-0375,cust-fresh-0375,dev-fresh-0375,6157.05,USD,m-875,jewelry,web,IN,2026-03-13T11:45:00Z
tx-fresh-0376,cust-fresh-0376,dev-fresh-0376,6248.46,USD,m-876,books,mobile,AE,2026-03-13T11:46:00Z
tx-fresh-0377,cust-fresh-0377,dev-fresh-0377,6339.87,USD,m-877,utilities,pos,SG,2026-03-13T11:47:00Z
tx-fresh-0378,cust-fresh-0378,dev-fresh-0378,6431.28,USD,m-878,groceries,web,US,2026-03-13T11:48:00Z
tx-fresh-0379,cust-fresh-0379,dev-fresh-0379,6522.69,USD,m-879,electronics,mobile,GB,2026-03-13T11:49:00Z
tx-fresh-0380,cust-fresh-0380,dev-fresh-0380,6610,USD,m-880,travel,pos,CA,2026-03-13T11:50:00Z
tx-fresh-0381,cust-fresh-0381,dev-fresh-0381,6701.41,USD,m-881,retail,web,IN,2026-03-13T11:51:00Z
tx-fresh-0382,cust-fresh-0382,dev-fresh-0382,6792.82,USD,m-882,jewelry,mobile,AE,2026-03-13T11:52:00Z
tx-fresh-0383,cust-fresh-0383,dev-fresh-0383,6884.23,USD,m-883,books,pos,SG,2026-03-13T11:53:00Z
tx-fresh-0384,cust-fresh-0384,dev-fresh-0384,6975.64,USD,m-884,utilities,web,US,2026-03-13T11:54:00Z
tx-fresh-0385,cust-fresh-0385,dev-fresh-0385,7067.05,USD,m-885,groceries,mobile,GB,2026-03-13T11:55:00Z
tx-fresh-0386,cust-fresh-0386,dev-fresh-0386,7158.46,USD,m-886,electronics,pos,CA,2026-03-13T11:56:00Z
tx-fresh-0387,cust-fresh-0387,dev-fresh-0387,7249.87,USD,m-887,travel,web,IN,2026-03-13T11:57:00Z
tx-fresh-0388,cust-fresh-0388,dev-fresh-0388,7341.28,USD,m-888,retail,mobile,AE,2026-03-13T11:58:00Z
tx-fresh-0389,cust-fresh-0389,dev-fresh-0389,7432.69,USD,m-889,jewelry,pos,SG,2026-03-13T11:59:00Z
tx-fresh-0390,cust-fresh-0390,dev-fresh-0390,7520,USD,m-890,books,web,US,2026-03-13T12:00:00Z
tx-fresh-0391,cust-fresh-0391,dev-fresh-0391,7611.41,USD,m-891,utilities,mobile,GB,2026-03-13T12:01:00Z
tx-fresh-0392,cust-fresh-0392,dev-fresh-0392,7702.82,USD,m-892,groceries,pos,CA,2026-03-13T12:02:00Z
tx-fresh-0393,cust-fresh-0393,dev-fresh-0393,7794.23,USD,m-893,electronics,web,IN,2026-03-13T12:03:00Z
tx-fresh-0394,cust-fresh-0394,dev-fresh-0394,7885.64,USD,m-894,travel,mobile,AE,2026-03-13T12:04:00Z
tx-fresh-0395,cust-fresh-0395,dev-fresh-0395,7977.05,USD,m-895,retail,pos,SG,2026-03-13T12:05:00Z
tx-fresh-0396,cust-fresh-0396,dev-fresh-0396,8068.46,USD,m-896,jewelry,web,US,2026-03-13T12:06:00Z
tx-fresh-0397,cust-fresh-0397,dev-fresh-0397,8159.87,USD,m-897,books,mobile,GB,2026-03-13T12:07:00Z
tx-fresh-0398,cust-fresh-0398,dev-fresh-0398,8251.28,USD,m-898,utilities,pos,CA,2026-03-13T12:08:00Z
tx-fresh-0399,cust-fresh-0399,dev-fresh-0399,8342.69,USD,m-899,groceries,web,IN,2026-03-13T12:09:00Z
tx-fresh-0400,cust-fresh-0400,dev-fresh-0400,8430,USD,m-900,electronics,mobile,AE,2026-03-13T12:10:00Z
tx-fresh-0401,cust-fresh-0401,dev-fresh-0401,8521.41,USD,m-901,travel,pos,SG,2026-03-13T12:11:00Z
tx-fresh-0402,cust-fresh-0402,dev-fresh-0402,8612.82,USD,m-902,retail,web,US,2026-03-13T12:12:00Z
tx-fresh-0403,cust-fresh-0403,dev-fresh-0403,8704.23,USD,m-903,jewelry,mobile,GB,2026-03-13T12:13:00Z
tx-fresh-0404,cust-fresh-0404,dev-fresh-0404,8795.64,USD,m-904,books,pos,CA,2026-03-13T12:14:00Z
tx-fresh-0405,cust-fresh-0405,dev-fresh-0405,8887.05,USD,m-905,utilities,web,IN,2026-03-13T12:15:00Z
tx-fresh-0406,cust-fresh-0406,dev-fresh-0406,8978.46,USD,m-906,groceries,mobile,AE,2026-03-13T12:16:00Z
tx-fresh-0407,cust-fresh-0407,dev-fresh-0407,9069.87,USD,m-907,electronics,pos,SG,2026-03-13T12:17:00Z
tx-fresh-0408,cust-fresh-0408,dev-fresh-0408,9161.28,USD,m-908,travel,web,US,2026-03-13T12:18:00Z
tx-fresh-0409,cust-fresh-0409,dev-fresh-0409,9252.69,USD,m-909,retail,mobile,GB,2026-03-13T12:19:00Z
tx-fresh-0410,cust-fresh-0410,dev-fresh-0410,9340,USD,m-910,jewelry,pos,CA,2026-03-13T12:20:00Z
tx-fresh-0411,cust-fresh-0411,dev-fresh-0411,9431.41,USD,m-911,books,web,IN,2026-03-13T12:21:00Z
tx-fresh-0412,cust-fresh-0412,dev-fresh-0412,9522.82,USD,m-912,utilities,mobile,AE,2026-03-13T12:22:00Z
tx-fresh-0413,cust-fresh-0413,dev-fresh-0413,9614.23,USD,m-913,groceries,pos,SG,2026-03-13T12:23:00Z
tx-fresh-0414,cust-fresh-0414,dev-fresh-0414,9705.64,USD,m-914,electronics,web,US,2026-03-13T12:24:00Z
tx-fresh-0415,cust-fresh-0415,dev-fresh-0415,9797.05,USD,m-915,travel,mobile,GB,2026-03-13T12:25:00Z
tx-fresh-0416,cust-fresh-0416,dev-fresh-0416,9888.46,USD,m-916,retail,pos,CA,2026-03-13T12:26:00Z
tx-fresh-0417,cust-fresh-0417,dev-fresh-0417,9979.87,USD,m-917,jewelry,web,IN,2026-03-13T12:27:00Z
tx-fresh-0418,cust-fresh-0418,dev-fresh-0418,10071.28,USD,m-918,books,mobile,AE,2026-03-13T12:28:00Z
tx-fresh-0419,cust-fresh-0419,dev-fresh-0419,10162.69,USD,m-919,utilities,pos,SG,2026-03-13T12:29:00Z
tx-fresh-0420,cust-fresh-0420,dev-fresh-0420,10250,USD,m-920,groceries,web,US,2026-03-13T12:30:00Z
tx-fresh-0421,cust-fresh-0421,dev-fresh-0421,10341.41,USD,m-921,electronics,mobile,GB,2026-03-13T12:31:00Z
tx-fresh-0422,cust-fresh-0422,dev-fresh-0422,10432.82,USD,m-922,travel,pos,CA,2026-03-13T12:32:00Z
tx-fresh-0423,cust-fresh-0423,dev-fresh-0423,10524.23,USD,m-923,retail,web,IN,2026-03-13T12:33:00Z
tx-fresh-0424,cust-fresh-0424,dev-fresh-0424,10615.64,USD,m-924,jewelry,mobile,AE,2026-03-13T12:34:00Z
tx-fresh-0425,cust-fresh-0425,dev-fresh-0425,10707.05,USD,m-925,books,pos,SG,2026-03-13T12:35:00Z
tx-fresh-0426,cust-fresh-0426,dev-fresh-0426,10798.46,USD,m-926,utilities,web,US,2026-03-13T12:36:00Z
tx-fresh-0427,cust-fresh-0427,dev-fresh-0427,10889.87,USD,m-927,groceries,mobile,GB,2026-03-13T12:37:00Z
tx-fresh-0428,cust-fresh-0428,dev-fresh-0428,10981.28,USD,m-928,electronics,pos,CA,2026-03-13T12:38:00Z
tx-fresh-0429,cust-fresh-0429,dev-fresh-0429,11072.69,USD,m-929,travel,web,IN,2026-03-13T12:39:00Z
tx-fresh-0430,cust-fresh-0430,dev-fresh-0430,11160,USD,m-930,retail,mobile,AE,2026-03-13T12:40:00Z
tx-fresh-0431,cust-fresh-0431,dev-fresh-0431,11251.41,USD,m-931,jewelry,pos,SG,2026-03-13T12:41:00Z
tx-fresh-0432,cust-fresh-0432,dev-fresh-0432,11342.82,USD,m-932,books,web,US,2026-03-13T12:42:00Z
tx-fresh-0433,cust-fresh-0433,dev-fresh-0433,11434.23,USD,m-933,utilities,mobile,GB,2026-03-13T12:43:00Z
tx-fresh-0434,cust-fresh-0434,dev-fresh-0434,11525.64,USD,m-934,groceries,pos,CA,2026-03-13T12:44:00Z
tx-fresh-0435,cust-fresh-0435,dev-fresh-0435,11617.05,USD,m-935,electronics,web,IN,2026-03-13T12:45:00Z
tx-fresh-0436,cust-fresh-0436,dev-fresh-0436,11708.46,USD,m-936,travel,mobile,AE,2026-03-13T12:46:00Z
tx-fresh-0437,cust-fresh-0437,dev-fresh-0437,11799.87,USD,m-937,retail,pos,SG,2026-03-13T12:47:00Z
tx-fresh-0438,cust-fresh-0438,dev-fresh-0438,11891.28,USD,m-938,jewelry,web,US,2026-03-13T12:48:00Z
tx-fresh-0439,cust-fresh-0439,dev-fresh-0439,11982.69,USD,m-939,books,mobile,GB,2026-03-13T12:49:00Z
tx-fresh-0440,cust-fresh-0440,dev-fresh-0440,12070,USD,m-940,utilities,pos,CA,2026-03-13T12:50:00Z
tx-fresh-0441,cust-fresh-0441,dev-fresh-0441,12161.41,USD,m-941,groceries,web,IN,2026-03-13T12:51:00Z
tx-fresh-0442,cust-fresh-0442,dev-fresh-0442,12252.82,USD,m-942,electronics,mobile,AE,2026-03-13T12:52:00Z
tx-fresh-0443,cust-fresh-0443,dev-fresh-0443,12344.23,USD,m-943,travel,pos,SG,2026-03-13T12:53:00Z
tx-fresh-0444,cust-fresh-0444,dev-fresh-0444,12435.64,USD,m-944,retail,web,US,2026-03-13T12:54:00Z
tx-fresh-0445,cust-fresh-0445,dev-fresh-0445,12527.05,USD,m-945,jewelry,mobile,GB,2026-03-13T12:55:00Z
tx-fresh-0446,cust-fresh-0446,dev-fresh-0446,12618.46,USD,m-946,books,pos,CA,2026-03-13T12:56:00Z
tx-fresh-0447,cust-fresh-0447,dev-fresh-0447,12709.87,USD,m-947,utilities,web,IN,2026-03-13T12:57:00Z
tx-fresh-0448,cust-fresh-0448,dev-fresh-0448,12801.28,USD,m-948,groceries,mobile,AE,2026-03-13T12:58:00Z
tx-fresh-0449,cust-fresh-0449,dev-fresh-0449,12892.69,USD,m-949,electronics,pos,SG,2026-03-13T12:59:00Z
tx-fresh-0450,cust-fresh-0450,dev-fresh-0450,12980,USD,m-950,travel,web,US,2026-03-13T13:00:00Z
tx-fresh-0451,cust-fresh-0451,dev-fresh-0451,13071.41,USD,m-951,retail,mobile,GB,2026-03-13T13:01:00Z
tx-fresh-0452,cust-fresh-0452,dev-fresh-0452,13162.82,USD,m-952,jewelry,pos,CA,2026-03-13T13:02:00Z
tx-fresh-0453,cust-fresh-0453,dev-fresh-0453,13254.23,USD,m-953,books,web,IN,2026-03-13T13:03:00Z
tx-fresh-0454,cust-fresh-0454,dev-fresh-0454,13345.64,USD,m-954,utilities,mobile,AE,2026-03-13T13:04:00Z
tx-fresh-0455,cust-fresh-0455,dev-fresh-0455,13437.05,USD,m-955,groceries,pos,SG,2026-03-13T13:05:00Z
tx-fresh-0456,cust-fresh-0456,dev-fresh-0456,13528.46,USD,m-956,electronics,web,US,2026-03-13T13:06:00Z
tx-fresh-0457,cust-fresh-0457,dev-fresh-0457,13619.87,USD,m-957,travel,mobile,GB,2026-03-13T13:07:00Z
tx-fresh-0458,cust-fresh-0458,dev-fresh-0458,13711.28,USD,m-958,retail,pos,CA,2026-03-13T13:08:00Z
tx-fresh-0459,cust-fresh-0459,dev-fresh-0459,13802.69,USD,m-959,jewelry,web,IN,2026-03-13T13:09:00Z
tx-fresh-0460,cust-fresh-0460,dev-fresh-0460,13890,USD,m-960,books,mobile,AE,2026-03-13T13:10:00Z
tx-fresh-0461,cust-fresh-0461,dev-fresh-0461,13981.41,USD,m-961,utilities,pos,SG,2026-03-13T13:11:00Z
tx-fresh-0462,cust-fresh-0462,dev-fresh-0462,72.82,USD,m-962,groceries,web,US,2026-03-13T13:12:00Z
tx-fresh-0463,cust-fresh-0463,dev-fresh-0463,164.23,USD,m-963,electronics,mobile,GB,2026-03-13T13:13:00Z
tx-fresh-0464,cust-fresh-0464,dev-fresh-0464,255.64,USD,m-964,travel,pos,CA,2026-03-13T13:14:00Z
tx-fresh-0465,cust-fresh-0465,dev-fresh-0465,347.05,USD,m-965,retail,web,IN,2026-03-13T13:15:00Z
tx-fresh-0466,cust-fresh-0466,dev-fresh-0466,438.46,USD,m-966,jewelry,mobile,AE,2026-03-13T13:16:00Z
tx-fresh-0467,cust-fresh-0467,dev-fresh-0467,529.87,USD,m-967,books,pos,SG,2026-03-13T13:17:00Z
tx-fresh-0468,cust-fresh-0468,dev-fresh-0468,621.28,USD,m-968,utilities,web,US,2026-03-13T13:18:00Z
tx-fresh-0469,cust-fresh-0469,dev-fresh-0469,712.69,USD,m-969,groceries,mobile,GB,2026-03-13T13:19:00Z
tx-fresh-0470,cust-fresh-0470,dev-fresh-0470,800,USD,m-970,electronics,pos,CA,2026-03-13T13:20:00Z
tx-fresh-0471,cust-fresh-0471,dev-fresh-0471,891.41,USD,m-971,travel,web,IN,2026-03-13T13:21:00Z
tx-fresh-0472,cust-fresh-0472,dev-fresh-0472,982.82,USD,m-972,retail,mobile,AE,2026-03-13T13:22:00Z
tx-fresh-0473,cust-fresh-0473,dev-fresh-0473,1074.23,USD,m-973,jewelry,pos,SG,2026-03-13T13:23:00Z
tx-fresh-0474,cust-fresh-0474,dev-fresh-0474,1165.64,USD,m-974,books,web,US,2026-03-13T13:24:00Z
tx-fresh-0475,cust-fresh-0475,dev-fresh-0475,1257.05,USD,m-975,utilities,mobile,GB,2026-03-13T13:25:00Z
tx-fresh-0476,cust-fresh-0476,dev-fresh-0476,1348.46,USD,m-976,groceries,pos,CA,2026-03-13T13:26:00Z
tx-fresh-0477,cust-fresh-0477,dev-fresh-0477,1439.87,USD,m-977,electronics,web,IN,2026-03-13T13:27:00Z
tx-fresh-0478,cust-fresh-0478,dev-fresh-0478,1531.28,USD,m-978,travel,mobile,AE,2026-03-13T13:28:00Z
tx-fresh-0479,cust-fresh-0479,dev-fresh-0479,1622.69,USD,m-979,retail,pos,SG,2026-03-13T13:29:00Z
tx-fresh-0480,cust-fresh-0480,dev-fresh-0480,1710,USD,m-980,jewelry,web,US,2026-03-13T13:30:00Z
tx-fresh-0481,cust-fresh-0481,dev-fresh-0481,1801.41,USD,m-981,books,mobile,GB,2026-03-13T13:31:00Z
tx-fresh-0482,cust-fresh-0482,dev-fresh-0482,1892.82,USD,m-982,utilities,pos,CA,2026-03-13T13:32:00Z
tx-fresh-0483,cust-fresh-0483,dev-fresh-0483,1984.23,USD,m-983,groceries,web,IN,2026-03-13T13:33:00Z
tx-fresh-0484,cust-fresh-0484,dev-fresh-0484,2075.64,USD,m-984,electronics,mobile,AE,2026-03-13T13:34:00Z
tx-fresh-0485,cust-fresh-0485,dev-fresh-0485,2167.05,USD,m-985,travel,pos,SG,2026-03-13T13:35:00Z
tx-fresh-0486,cust-fresh-0486,dev-fresh-0486,2258.46,USD,m-986,retail,web,US,2026-03-13T13:36:00Z
tx-fresh-0487,cust-fresh-0487,dev-fresh-0487,2349.87,USD,m-987,jewelry,mobile,GB,2026-03-13T13:37:00Z
tx-fresh-0488,cust-fresh-0488,dev-fresh-0488,2441.28,USD,m-988,books,pos,CA,2026-03-13T13:38:00Z
tx-fresh-0489,cust-fresh-0489,dev-fresh-0489,2532.69,USD,m-989,utilities,web,IN,2026-03-13T13:39:00Z
tx-fresh-0490,cust-fresh-0490,dev-fresh-0490,2620,USD,m-990,groceries,mobile,AE,2026-03-13T13:40:00Z
tx-fresh-0491,cust-fresh-0491,dev-fresh-0491,2711.41,USD,m-991,electronics,pos,SG,2026-03-13T13:41:00Z
tx-fresh-0492,cust-fresh-0492,dev-fresh-0492,2802.82,USD,m-992,travel,web,US,2026-03-13T13:42:00Z
tx-fresh-0493,cust-fresh-0493,dev-fresh-0493,2894.23,USD,m-993,retail,mobile,GB,2026-03-13T13:43:00Z
tx-fresh-0494,cust-fresh-0494,dev-fresh-0494,2985.64,USD,m-994,jewelry,pos,CA,2026-03-13T13:44:00Z
tx-fresh-0495,cust-fresh-0495,dev-fresh-0495,3077.05,USD,m-995,books,web,IN,2026-03-13T13:45:00Z
tx-fresh-0496,cust-fresh-0496,dev-fresh-0496,3168.46,USD,m-996,utilities,mobile,AE,2026-03-13T13:46:00Z
tx-fresh-0497,cust-fresh-0497,dev-fresh-0497,3259.87,USD,m-997,groceries,pos,SG,2026-03-13T13:47:00Z
tx-fresh-0498,cust-fresh-0498,dev-fresh-0498,3351.28,USD,m-998,electronics,web,US,2026-03-13T13:48:00Z
tx-fresh-0499,cust-fresh-0499,dev-fresh-0499,3442.69,USD,m-999,travel,mobile,GB,2026-03-13T13:49:00Z
tx-fresh-0500,cust-fresh-0500,dev-fresh-0500,3530,USD,m-1000,retail,pos,CA,2026-03-13T13:50:00Z
